samp1,samp2,es,sd1,sd2,mean(Method1),mean(Method2),"pVal(Method1, Method2)",typeI,sig
10,10,0,1,1,0.0491,0.0505,1,TRUE,FALSE
10,8,0,1,1,0.0437,0.0462,1,TRUE,FALSE
10,13,0,1,1,0.0495,0.0521,1,TRUE,FALSE
10,5,0,1,1,0.0519,0.052,1,TRUE,FALSE
10,15,0,1,1,0.0479,0.0506,1,TRUE,FALSE
10,3,0,1,1,0.0481,0.0657,4.03E-13,TRUE,TRUE
10,18,0,1,1,0.0498,0.051,1,TRUE,FALSE
10,10,0.2,1,1,0.9346,0.933,0.492720942,FALSE,FALSE
10,8,0.2,1,1,0.9358,0.933,1,FALSE,FALSE
10,13,0.2,1,1,0.9306,0.9278,1,FALSE,FALSE
10,5,0.2,1,1,0.9318,0.9342,1,FALSE,FALSE
10,15,0.2,1,1,0.9299,0.9262,1,FALSE,FALSE
10,3,0.2,1,1,0.943,0.9333,0.008495795,FALSE,TRUE
10,18,0.2,1,1,0.9245,0.9217,1,FALSE,FALSE
10,10,0.5,1,1,0.8261,0.8201,1.88E-10,FALSE,TRUE
10,8,0.5,1,1,0.8344,0.8307,1,FALSE,FALSE
10,13,0.5,1,1,0.7997,0.7951,0.364937731,FALSE,FALSE
10,5,0.5,1,1,0.8634,0.8691,1,FALSE,FALSE
10,15,0.5,1,1,0.7896,0.7862,1,FALSE,FALSE
10,3,0.5,1,1,0.8921,0.8876,1,FALSE,FALSE
10,18,0.5,1,1,0.7697,0.7713,1,FALSE,FALSE
10,10,0.8,1,1,0.619,0.6122,6.37E-10,FALSE,TRUE
10,8,0.8,1,1,0.667,0.6577,4.46E-05,FALSE,TRUE
10,13,0.8,1,1,0.5737,0.5698,1,FALSE,FALSE
10,5,0.8,1,1,0.7305,0.7478,2.61E-07,FALSE,TRUE
10,15,0.8,1,1,0.5434,0.5419,1,FALSE,FALSE
10,3,0.8,1,1,0.8069,0.8183,0.340458104,FALSE,FALSE
10,18,0.8,1,1,0.5133,0.5184,1,FALSE,FALSE
10,10,0,0.75,1,0.0488,0.0511,0.00242482,TRUE,TRUE
10,8,0,0.75,1,0.0553,0.0498,1.28E-05,TRUE,TRUE
10,13,0,0.75,1,0.0423,0.0518,1.54E-15,TRUE,TRUE
10,5,0,0.75,1,0.068,0.0526,2.13E-15,TRUE,TRUE
10,15,0,0.75,1,0.037,0.0474,3.72E-17,TRUE,TRUE
10,3,0,0.75,1,0.0762,0.066,0.012476021,TRUE,TRUE
10,18,0,0.75,1,0.0331,0.0477,4.74E-24,TRUE,TRUE
10,10,0.2,0.75,1,0.9336,0.9316,0.117056889,FALSE,FALSE
10,8,0.2,0.75,1,0.9245,0.9315,7.36E-07,FALSE,TRUE
10,13,0.2,0.75,1,0.9395,0.9261,1.66E-23,FALSE,TRUE
10,5,0.2,0.75,1,0.9134,0.9334,4.07E-22,FALSE,TRUE
10,15,0.2,0.75,1,0.9413,0.9262,3.20E-26,FALSE,TRUE
10,3,0.2,0.75,1,0.9078,0.9238,4.17E-07,FALSE,TRUE
10,18,0.2,0.75,1,0.9416,0.9195,1.13E-38,FALSE,TRUE
10,10,0.5,0.75,1,0.8159,0.8145,1,FALSE,FALSE
10,8,0.5,0.75,1,0.8324,0.8453,1.53E-14,FALSE,TRUE
10,13,0.5,0.75,1,0.8158,0.792,2.86E-42,FALSE,TRUE
10,5,0.5,0.75,1,0.8357,0.876,4.42E-54,FALSE,TRUE
10,15,0.5,0.75,1,0.8114,0.7806,5.74E-53,FALSE,TRUE
10,3,0.5,0.75,1,0.8562,0.8913,3.28E-27,FALSE,TRUE
10,18,0.5,0.75,1,0.8015,0.7499,1.36E-93,FALSE,TRUE
10,10,0.8,0.75,1,0.6195,0.6153,0.000771663,FALSE,TRUE
10,8,0.8,0.75,1,0.6395,0.6614,6.06E-29,FALSE,TRUE
10,13,0.8,0.75,1,0.5824,0.5494,3.69E-58,FALSE,TRUE
10,5,0.8,0.75,1,0.693,0.7712,9.56E-131,FALSE,TRUE
10,15,0.8,0.75,1,0.5648,0.5129,1.10E-90,FALSE,TRUE
10,3,0.8,0.75,1,0.7633,0.8367,2.25E-78,FALSE,TRUE
10,18,0.8,0.75,1,0.5458,0.4764,7.90E-123,FALSE,TRUE
10,10,0,1.25,1,0.0452,0.0467,0.153448258,TRUE,FALSE
10,8,0,1.25,1,0.0405,0.0485,1.67E-13,TRUE,TRUE
10,13,0,1.25,1,0.0581,0.0531,0.000668258,TRUE,TRUE
10,5,0,1.25,1,0.039,0.0505,8.59E-12,TRUE,TRUE
10,15,0,1.25,1,0.0548,0.0474,2.02E-07,TRUE,TRUE
10,3,0,1.25,1,0.0297,0.0564,1.44E-35,TRUE,TRUE
10,18,0,1.25,1,0.061,0.0502,3.40E-13,TRUE,TRUE
10,10,0.2,1.25,1,0.9318,0.9297,0.045714818,FALSE,TRUE
10,8,0.2,1.25,1,0.941,0.9331,1.94E-10,FALSE,TRUE
10,13,0.2,1.25,1,0.923,0.929,5.55E-06,FALSE,TRUE
10,5,0.2,1.25,1,0.9471,0.9357,2.31E-09,FALSE,TRUE
10,15,0.2,1.25,1,0.9187,0.9316,1.29E-16,FALSE,TRUE
10,3,0.2,1.25,1,0.9608,0.93,3.23E-38,FALSE,TRUE
10,18,0.2,1.25,1,0.9102,0.9264,7.37E-20,FALSE,TRUE
10,10,0.5,1.25,1,0.8214,0.8166,4.34E-06,FALSE,TRUE
10,8,0.5,1.25,1,0.852,0.8345,9.46E-28,FALSE,TRUE
10,13,0.5,1.25,1,0.7858,0.7981,1.49E-11,FALSE,TRUE
10,5,0.5,1.25,1,0.8843,0.8689,1.18E-09,FALSE,TRUE
10,15,0.5,1.25,1,0.7753,0.7993,1.83E-33,FALSE,TRUE
10,3,0.5,1.25,1,0.9238,0.8859,4.11E-37,FALSE,TRUE
10,18,0.5,1.25,1,0.7533,0.7904,2.78E-52,FALSE,TRUE
10,10,0.8,1.25,1,0.6221,0.6157,6.99E-09,FALSE,TRUE
10,8,0.8,1.25,1,0.6632,0.6403,1.12E-33,FALSE,TRUE
10,13,0.8,1.25,1,0.5563,0.5814,3.00E-33,FALSE,TRUE
10,5,0.8,1.25,1,0.7515,0.7261,3.65E-17,FALSE,TRUE
10,15,0.8,1.25,1,0.5159,0.554,8.43E-57,FALSE,TRUE
10,3,0.8,1.25,1,0.8568,0.8142,4.90E-31,FALSE,TRUE
10,18,0.8,1.25,1,0.4786,0.5342,2.04E-86,FALSE,TRUE
10,10,0,0.5,1,0.0493,0.0473,0.073883829,TRUE,FALSE
10,8,0,0.5,1,0.0716,0.0545,7.20E-34,TRUE,TRUE
10,13,0,0.5,1,0.0334,0.0478,5.78E-30,TRUE,TRUE
10,5,0,0.5,1,0.1056,0.0566,3.02E-95,TRUE,TRUE
10,15,0,0.5,1,0.0286,0.0503,4.55E-45,TRUE,TRUE
10,3,0,0.5,1,0.1365,0.0682,2.56E-101,TRUE,TRUE
10,18,0,0.5,1,0.0201,0.048,2.03E-59,TRUE,TRUE
10,10,0.2,0.5,1,0.924,0.9265,0.027216443,FALSE,TRUE
10,8,0.2,0.5,1,0.915,0.9354,6.42E-40,FALSE,TRUE
10,13,0.2,0.5,1,0.9481,0.9285,9.51E-42,FALSE,TRUE
10,5,0.2,0.5,1,0.8766,0.9332,1.46E-110,FALSE,TRUE
10,15,0.2,0.5,1,0.9504,0.9226,8.91E-59,FALSE,TRUE
10,3,0.2,0.5,1,0.8486,0.9244,2.51E-122,FALSE,TRUE
10,18,0.2,0.5,1,0.9613,0.9158,3.59E-98,FALSE,TRUE
10,10,0.5,0.5,1,0.8191,0.8229,0.004914187,FALSE,TRUE
10,8,0.5,0.5,1,0.807,0.8457,2.93E-81,FALSE,TRUE
10,13,0.5,0.5,1,0.824,0.7818,1.47E-90,FALSE,TRUE
10,5,0.5,0.5,1,0.796,0.8915,1.41E-198,FALSE,TRUE
10,15,0.5,0.5,1,0.8264,0.7526,9.94E-160,FALSE,TRUE
10,3,0.5,0.5,1,0.7984,0.9022,7.76E-180,FALSE,TRUE
10,18,0.5,0.5,1,0.8481,0.7401,1.21E-233,FALSE,TRUE
10,10,0.8,0.5,1,0.6117,0.6195,4.73E-11,FALSE,TRUE
10,8,0.8,0.5,1,0.6161,0.6796,2.32E-134,FALSE,TRUE
10,13,0.8,0.5,1,0.5988,0.53,2.01E-148,FALSE,TRUE
10,5,0.8,0.5,1,0.6612,0.8011,1.02E-291,FALSE,TRUE
10,15,0.8,0.5,1,0.5906,0.4825,7.35E-234,FALSE,TRUE
10,3,0.8,0.5,1,0.6977,0.8599,1.27E-301,FALSE,TRUE
10,18,0.8,0.5,1,0.5816,0.4318,0,FALSE,TRUE
10,10,0,1.5,1,0.051,0.0523,1,TRUE,FALSE
10,8,0,1.5,1,0.0363,0.0444,1.12E-14,TRUE,TRUE
10,13,0,1.5,1,0.0631,0.0519,5.03E-18,TRUE,TRUE
10,5,0,1.5,1,0.0311,0.0484,2.43E-27,TRUE,TRUE
10,15,0,1.5,1,0.0664,0.0494,5.95E-30,TRUE,TRUE
10,3,0,1.5,1,0.0262,0.0576,2.32E-49,TRUE,TRUE
10,18,0,1.5,1,0.0775,0.0534,1.62E-43,TRUE,TRUE
10,10,0.2,1.5,1,0.9306,0.9307,1,FALSE,FALSE
10,8,0.2,1.5,1,0.9424,0.9295,1.74E-25,FALSE,TRUE
10,13,0.2,1.5,1,0.9183,0.9314,1.74E-23,FALSE,TRUE
10,5,0.2,1.5,1,0.9569,0.9413,4.54E-19,FALSE,TRUE
10,15,0.2,1.5,1,0.9027,0.9244,5.59E-37,FALSE,TRUE
10,3,0.2,1.5,1,0.9722,0.936,1.61E-54,FALSE,TRUE
10,18,0.2,1.5,1,0.8974,0.9305,1.68E-64,FALSE,TRUE
10,10,0.5,1.5,1,0.813,0.8124,1,FALSE,FALSE
10,8,0.5,1.5,1,0.8561,0.8324,1.89E-47,FALSE,TRUE
10,13,0.5,1.5,1,0.7758,0.8075,8.92E-59,FALSE,TRUE
10,5,0.5,1.5,1,0.8921,0.8566,6.36E-53,FALSE,TRUE
10,15,0.5,1.5,1,0.7518,0.7988,6.13E-91,FALSE,TRUE
10,3,0.5,1.5,1,0.9366,0.8868,2.83E-67,FALSE,TRUE
10,18,0.5,1.5,1,0.7254,0.7987,8.75E-145,FALSE,TRUE
10,10,0.8,1.5,1,0.619,0.6158,0.138539889,FALSE,FALSE
10,8,0.8,1.5,1,0.6797,0.6403,3.13E-79,FALSE,TRUE
10,13,0.8,1.5,1,0.5505,0.5955,4.86E-88,FALSE,TRUE
10,5,0.8,1.5,1,0.7646,0.7057,2.80E-83,FALSE,TRUE
10,15,0.8,1.5,1,0.4972,0.5674,1.86E-138,FALSE,TRUE
10,3,0.8,1.5,1,0.8621,0.7858,5.91E-95,FALSE,TRUE
10,18,0.8,1.5,1,0.4636,0.5649,1.30E-207,FALSE,TRUE
10,10,0,0.25,1,0.0591,0.0519,1.32E-14,TRUE,TRUE
10,8,0,0.25,1,0.0857,0.0518,6.42E-73,TRUE,TRUE
10,13,0,0.25,1,0.0291,0.0468,1.34E-37,TRUE,TRUE
10,5,0,0.25,1,0.1547,0.0568,4.02E-212,TRUE,TRUE
10,15,0,0.25,1,0.0222,0.0475,3.51E-54,TRUE,TRUE
10,3,0,0.25,1,0.2225,0.0647,0,TRUE,TRUE
10,18,0,0.25,1,0.0148,0.0479,3.55E-71,TRUE,TRUE
10,10,0.2,0.25,1,0.9158,0.9268,5.99E-23,FALSE,TRUE
10,8,0.2,0.25,1,0.8941,0.9345,1.22E-86,FALSE,TRUE
10,13,0.2,0.25,1,0.9438,0.921,9.93E-49,FALSE,TRUE
10,5,0.2,0.25,1,0.8243,0.9389,1.48E-247,FALSE,TRUE
10,15,0.2,0.25,1,0.9594,0.9196,9.15E-86,FALSE,TRUE
10,3,0.2,0.25,1,0.7709,0.9333,0,FALSE,TRUE
10,18,0.2,0.25,1,0.9728,0.9192,8.52E-116,FALSE,TRUE
10,10,0.5,0.25,1,0.8043,0.8198,8.55E-33,FALSE,TRUE
10,8,0.5,0.25,1,0.7836,0.8552,6.04E-155,FALSE,TRUE
10,13,0.5,0.25,1,0.8368,0.7869,9.56E-108,FALSE,TRUE
10,5,0.5,0.25,1,0.7285,0.8951,0,FALSE,TRUE
10,15,0.5,0.25,1,0.8471,0.7508,1.21E-208,FALSE,TRUE
10,3,0.5,0.25,1,0.7099,0.9113,0,FALSE,TRUE
10,18,0.5,0.25,1,0.8651,0.7146,0,FALSE,TRUE
10,10,0.8,0.25,1,0.6077,0.6347,1.86E-57,FALSE,TRUE
10,8,0.8,0.25,1,0.6027,0.7066,3.65E-225,FALSE,TRUE
10,13,0.8,0.25,1,0.612,0.533,4.91E-171,FALSE,TRUE
10,5,0.8,0.25,1,0.5864,0.8166,0,FALSE,TRUE
10,15,0.8,0.25,1,0.6198,0.4769,6.38862478345035e-310,FALSE,TRUE
10,3,0.8,0.25,1,0.6283,0.8809,0,FALSE,TRUE
10,18,0.8,0.25,1,0.6136,0.3917,0,FALSE,TRUE
10,10,0,1.75,1,0.0511,0.0507,1,TRUE,FALSE
10,8,0,1.75,1,0.0383,0.0475,3.53E-18,TRUE,TRUE
10,13,0,1.75,1,0.0603,0.0465,1.07E-26,TRUE,TRUE
10,5,0,1.75,1,0.0276,0.0468,3.87E-33,TRUE,TRUE
10,15,0,1.75,1,0.0737,0.0484,2.60E-51,TRUE,TRUE
10,3,0,1.75,1,0.0183,0.048,1.66E-51,TRUE,TRUE
10,18,0,1.75,1,0.0871,0.0505,4.40E-75,TRUE,TRUE
10,10,0.2,1.75,1,0.9316,0.9318,1,FALSE,FALSE
10,8,0.2,1.75,1,0.9497,0.9364,5.59E-26,FALSE,TRUE
10,13,0.2,1.75,1,0.9104,0.9292,1.88E-36,FALSE,TRUE
10,5,0.2,1.75,1,0.9621,0.9383,3.30E-39,FALSE,TRUE
10,15,0.2,1.75,1,0.8965,0.9294,7.82E-68,FALSE,TRUE
10,3,0.2,1.75,1,0.9769,0.9357,3.14E-72,FALSE,TRUE
10,18,0.2,1.75,1,0.8715,0.9208,2.57E-104,FALSE,TRUE
10,10,0.5,1.75,1,0.8197,0.8203,1,FALSE,FALSE
10,8,0.5,1.75,1,0.8494,0.8205,1.35E-61,FALSE,TRUE
10,13,0.5,1.75,1,0.7587,0.8018,3.32E-89,FALSE,TRUE
10,5,0.5,1.75,1,0.9028,0.8561,3.99E-84,FALSE,TRUE
10,15,0.5,1.75,1,0.7438,0.8082,2.85E-134,FALSE,TRUE
10,3,0.5,1.75,1,0.9465,0.8819,2.25E-104,FALSE,TRUE
10,18,0.5,1.75,1,0.7177,0.81,7.09E-195,FALSE,TRUE
10,10,0.8,1.75,1,0.6096,0.6143,0.001305598,FALSE,TRUE
10,8,0.8,1.75,1,0.6787,0.6318,4.27E-99,FALSE,TRUE
10,13,0.8,1.75,1,0.5303,0.5942,5.38E-134,FALSE,TRUE
10,5,0.8,1.75,1,0.7757,0.6929,1.41E-155,FALSE,TRUE
10,15,0.8,1.75,1,0.5042,0.6002,5.33E-205,FALSE,TRUE
10,3,0.8,1.75,1,0.8741,0.7681,1.85E-164,FALSE,TRUE
10,18,0.8,1.75,1,0.4454,0.5815,1.03E-291,FALSE,TRUE
10,10,0,3,1,0.0586,0.0539,2.65E-08,TRUE,TRUE
10,8,0,3,1,0.0377,0.0504,1.14E-26,TRUE,TRUE
10,13,0,3,1,0.0821,0.0515,9.91E-66,TRUE,TRUE
10,5,0,3,1,0.0226,0.0495,8.14E-57,TRUE,TRUE
10,15,0,3,1,0.1057,0.0535,9.47E-113,TRUE,TRUE
10,3,0,3,1,0.0094,0.0493,1.06E-84,TRUE,TRUE
10,18,0,3,1,0.1263,0.0487,1.47E-167,TRUE,TRUE
10,10,0.2,3,1,0.9298,0.9348,5.81E-09,FALSE,TRUE
10,8,0.2,3,1,0.9447,0.9274,9.99E-37,FALSE,TRUE
10,13,0.2,3,1,0.89,0.9326,7.35E-92,FALSE,TRUE
10,5,0.2,3,1,0.97,0.9326,1.11E-79,FALSE,TRUE
10,15,0.2,3,1,0.8677,0.9282,8.34E-131,FALSE,TRUE
10,3,0.2,3,1,0.9873,0.9345,6.28E-112,FALSE,TRUE
10,18,0.2,3,1,0.8338,0.9299,3.28E-208,FALSE,TRUE
10,10,0.5,3,1,0.8149,0.8264,1.27E-23,FALSE,TRUE
10,8,0.5,3,1,0.8621,0.829,3.55E-71,FALSE,TRUE
10,13,0.5,3,1,0.7443,0.8211,2.98E-166,FALSE,TRUE
10,5,0.5,3,1,0.9113,0.8304,1.90E-173,FALSE,TRUE
10,15,0.5,3,1,0.7039,0.814,3.31E-238,FALSE,TRUE
10,3,0.5,3,1,0.9626,0.8613,3.64E-211,FALSE,TRUE
10,18,0.5,3,1,0.6631,0.8147,0,FALSE,TRUE
10,10,0.8,3,1,0.6103,0.631,1.01E-43,FALSE,TRUE
10,8,0.8,3,1,0.6895,0.6319,1.69E-124,FALSE,TRUE
10,13,0.8,3,1,0.5144,0.6191,6.65E-227,FALSE,TRUE
10,5,0.8,3,1,0.7975,0.6582,1.15E-301,FALSE,TRUE
10,15,0.8,3,1,0.4709,0.6199,0,FALSE,TRUE
10,3,0.8,3,1,0.9077,0.7049,0,FALSE,TRUE
10,18,0.8,3,1,0.4071,0.6062,0,FALSE,TRUE
60,60,0,1,1,0.0494,0.0498,1,TRUE,FALSE
60,45,0,1,1,0.0506,0.0504,1,TRUE,FALSE
60,75,0,1,1,0.0498,0.0502,1,TRUE,FALSE
60,30,0,1,1,0.0486,0.0498,1,TRUE,FALSE
60,90,0,1,1,0.0499,0.0505,1,TRUE,FALSE
60,15,0,1,1,0.0493,0.0506,1,TRUE,FALSE
60,105,0,1,1,0.0503,0.0506,1,TRUE,FALSE
60,60,0.2,1,1,0.8075,0.8063,0.335140801,FALSE,FALSE
60,45,0.2,1,1,0.8261,0.8249,1,FALSE,FALSE
60,75,0.2,1,1,0.7962,0.7972,1,FALSE,FALSE
60,30,0.2,1,1,0.8516,0.8514,1,FALSE,FALSE
60,90,0.2,1,1,0.775,0.7733,1,FALSE,FALSE
60,15,0.2,1,1,0.8955,0.8992,1,FALSE,FALSE
60,105,0.2,1,1,0.7639,0.7651,1,FALSE,FALSE
60,60,0.5,1,1,0.2254,0.2242,0.335140801,FALSE,FALSE
60,45,0.5,1,1,0.2923,0.2908,1,FALSE,FALSE
60,75,0.5,1,1,0.1856,0.1843,1,FALSE,FALSE
60,30,0.5,1,1,0.3963,0.4041,0.008641922,FALSE,TRUE
60,90,0.5,1,1,0.1527,0.1519,1,FALSE,FALSE
60,15,0.5,1,1,0.6004,0.6188,1.50E-08,FALSE,TRUE
60,105,0.5,1,1,0.1351,0.1342,1,FALSE,FALSE
60,60,0.8,1,1,0.0091,0.009,1,FALSE,FALSE
60,45,0.8,1,1,0.0188,0.0196,1,FALSE,FALSE
60,75,0.8,1,1,0.0045,0.0044,1,FALSE,FALSE
60,30,0.8,1,1,0.0548,0.0555,1,FALSE,FALSE
60,90,0.8,1,1,0.0026,0.0028,1,FALSE,FALSE
60,15,0.8,1,1,0.2172,0.2405,1.37E-16,FALSE,TRUE
60,105,0.8,1,1,0.0019,0.0022,1,FALSE,FALSE
60,60,0,0.75,1,0.0511,0.0512,1,TRUE,FALSE
60,45,0,0.75,1,0.0576,0.047,4.51E-22,TRUE,TRUE
60,75,0,0.75,1,0.0417,0.0471,1.23E-10,TRUE,TRUE
60,30,0,0.75,1,0.0755,0.0509,8.38E-52,TRUE,TRUE
60,90,0,0.75,1,0.0405,0.0529,5.15E-26,TRUE,TRUE
60,15,0,0.75,1,0.0902,0.0418,1.35E-97,TRUE,TRUE
60,105,0,0.75,1,0.0358,0.0509,6.40E-32,TRUE,TRUE
60,60,0.2,0.75,1,0.8043,0.8039,1,FALSE,FALSE
60,45,0.2,0.75,1,0.8098,0.8316,2.76E-45,FALSE,TRUE
60,75,0.2,0.75,1,0.8067,0.7859,2.29E-44,FALSE,TRUE
60,30,0.2,0.75,1,0.8258,0.8703,1.88E-91,FALSE,TRUE
60,90,0.2,0.75,1,0.8008,0.7647,1.04E-77,FALSE,TRUE
60,15,0.2,0.75,1,0.8351,0.9083,2.20E-153,FALSE,TRUE
60,105,0.2,0.75,1,0.8039,0.7594,1.45E-95,FALSE,TRUE
60,60,0.5,0.75,1,0.2274,0.2268,1,FALSE,FALSE
60,45,0.5,0.75,1,0.28,0.309,3.03E-62,FALSE,TRUE
60,75,0.5,0.75,1,0.1834,0.1662,1.65E-36,FALSE,TRUE
60,30,0.5,0.75,1,0.3657,0.4385,3.69E-154,FALSE,TRUE
60,90,0.5,0.75,1,0.1675,0.1372,4.46E-65,FALSE,TRUE
60,15,0.5,0.75,1,0.5256,0.664,6.71E-285,FALSE,TRUE
60,105,0.5,0.75,1,0.1375,0.1078,9.05E-64,FALSE,TRUE
60,60,0.8,0.75,1,0.0086,0.0086,1,FALSE,FALSE
60,45,0.8,0.75,1,0.0203,0.0247,2.02E-08,FALSE,TRUE
60,75,0.8,0.75,1,0.0045,0.0035,0.991541792,FALSE,FALSE
60,30,0.8,0.75,1,0.0581,0.0863,1.20E-59,FALSE,TRUE
60,90,0.8,0.75,1,0.002,0.0013,1,FALSE,FALSE
60,15,0.8,0.75,1,0.1919,0.319,2.33E-266,FALSE,TRUE
60,105,0.8,0.75,1,0.0014,0.001,1,FALSE,FALSE
60,60,0,1.25,1,0.0513,0.0515,1,TRUE,FALSE
60,45,0,1.25,1,0.0429,0.0509,2.29E-16,TRUE,TRUE
60,75,0,1.25,1,0.0505,0.0459,7.27E-09,TRUE,TRUE
60,30,0,1.25,1,0.0319,0.0466,8.40E-30,TRUE,TRUE
60,90,0,1.25,1,0.0585,0.049,3.07E-19,TRUE,TRUE
60,15,0,1.25,1,0.024,0.0506,1.56E-51,TRUE,TRUE
60,105,0,1.25,1,0.0675,0.0508,5.46E-35,TRUE,TRUE
60,60,0.2,1.25,1,0.8052,0.8047,1,FALSE,FALSE
60,45,0.2,1.25,1,0.8387,0.8215,4.42E-36,FALSE,TRUE
60,75,0.2,1.25,1,0.7762,0.7884,1.41E-25,FALSE,TRUE
60,30,0.2,1.25,1,0.8835,0.8498,3.55E-69,FALSE,TRUE
60,90,0.2,1.25,1,0.7616,0.788,1.41E-56,FALSE,TRUE
60,15,0.2,1.25,1,0.9353,0.8903,6.09E-85,FALSE,TRUE
60,105,0.2,1.25,1,0.7402,0.7743,4.46E-72,FALSE,TRUE
60,60,0.5,1.25,1,0.2297,0.2291,1,FALSE,FALSE
60,45,0.5,1.25,1,0.2939,0.2714,8.22E-47,FALSE,TRUE
60,75,0.5,1.25,1,0.174,0.1861,2.34E-25,FALSE,TRUE
60,30,0.5,1.25,1,0.4251,0.3696,1.27E-109,FALSE,TRUE
60,90,0.5,1.25,1,0.1423,0.1643,5.52E-47,FALSE,TRUE
60,15,0.5,1.25,1,0.6587,0.5667,1.70E-162,FALSE,TRUE
60,105,0.5,1.25,1,0.1273,0.1557,6.16E-61,FALSE,TRUE
60,60,0.8,1.25,1,0.0084,0.0084,1,FALSE,FALSE
60,45,0.8,1.25,1,0.0213,0.0178,2.03E-06,FALSE,TRUE
60,75,0.8,1.25,1,0.005,0.006,0.991541792,FALSE,FALSE
60,30,0.8,1.25,1,0.0603,0.0449,3.57E-30,FALSE,TRUE
60,90,0.8,1.25,1,0.0031,0.0036,1,FALSE,FALSE
60,15,0.8,1.25,1,0.2478,0.1835,1.70E-106,FALSE,TRUE
60,105,0.8,1.25,1,0.0016,0.0022,1,FALSE,FALSE
60,60,0,0.5,1,0.0543,0.054,1,TRUE,FALSE
60,45,0,0.5,1,0.0729,0.0491,6.55E-51,TRUE,TRUE
60,75,0,0.5,1,0.0384,0.0555,2.73E-36,TRUE,TRUE
60,30,0,0.5,1,0.1116,0.0534,8.39E-126,TRUE,TRUE
60,90,0,0.5,1,0.0278,0.0508,3.64E-49,TRUE,TRUE
60,15,0,0.5,1,0.1814,0.0493,1.88E-286,TRUE,TRUE
60,105,0,0.5,1,0.0219,0.0501,1.68E-60,TRUE,TRUE
60,60,0.2,0.5,1,0.8035,0.804,1,FALSE,FALSE
60,45,0.2,0.5,1,0.7934,0.8378,8.89E-96,FALSE,TRUE
60,75,0.2,0.5,1,0.8135,0.7775,1.72E-77,FALSE,TRUE
60,30,0.2,0.5,1,0.7768,0.8732,7.32E-209,FALSE,TRUE
60,90,0.2,0.5,1,0.8273,0.7554,1.35E-155,FALSE,TRUE
60,15,0.2,0.5,1,0.7462,0.9132,0,FALSE,TRUE
60,105,0.2,0.5,1,0.8299,0.7217,1.64E-234,FALSE,TRUE
60,60,0.5,0.5,1,0.2258,0.2264,1,FALSE,FALSE
60,45,0.5,0.5,1,0.2665,0.3293,8.29E-136,FALSE,TRUE
60,75,0.5,0.5,1,0.1955,0.1628,2.64E-70,FALSE,TRUE
60,30,0.5,0.5,1,0.3373,0.4952,0,FALSE,TRUE
60,90,0.5,0.5,1,0.1693,0.1115,6.22E-125,FALSE,TRUE
60,15,0.5,0.5,1,0.4442,0.7145,0,FALSE,TRUE
60,105,0.5,0.5,1,0.15,0.0815,3.33E-148,FALSE,TRUE
60,60,0.8,0.5,1,0.0089,0.0089,1,FALSE,FALSE
60,45,0.8,0.5,1,0.0179,0.0295,2.91E-24,FALSE,TRUE
60,75,0.8,0.5,1,0.004,0.0021,0.008144182,FALSE,TRUE
60,30,0.8,0.5,1,0.0519,0.1109,1.53E-127,FALSE,TRUE
60,90,0.8,0.5,1,0.0021,8.00E-04,0.195795535,FALSE,FALSE
60,15,0.8,0.5,1,0.1588,0.3961,0,FALSE,TRUE
60,105,0.8,0.5,1,9.00E-04,6.00E-04,1,FALSE,FALSE
60,60,0,1.5,1,0.0468,0.0469,1,TRUE,FALSE
60,45,0,1.5,1,0.0372,0.0494,1.41E-25,TRUE,TRUE
60,75,0,1.5,1,0.0567,0.048,6.64E-18,TRUE,TRUE
60,30,0,1.5,1,0.0257,0.0505,4.32E-53,TRUE,TRUE
60,90,0,1.5,1,0.0686,0.0492,2.60E-41,TRUE,TRUE
60,15,0,1.5,1,0.0125,0.0514,2.25E-83,TRUE,TRUE
60,105,0,1.5,1,0.0772,0.0486,2.26E-61,TRUE,TRUE
60,60,0.2,1.5,1,0.8074,0.8074,1,FALSE,FALSE
60,45,0.2,1.5,1,0.8472,0.8205,3.12E-57,FALSE,TRUE
60,75,0.2,1.5,1,0.7713,0.7981,1.89E-57,FALSE,TRUE
60,30,0.2,1.5,1,0.9014,0.8447,4.16E-122,FALSE,TRUE
60,90,0.2,1.5,1,0.7393,0.7835,2.42E-95,FALSE,TRUE
60,15,0.2,1.5,1,0.9556,0.8802,4.56E-161,FALSE,TRUE
60,105,0.2,1.5,1,0.7223,0.7884,5.52E-143,FALSE,TRUE
60,60,0.5,1.5,1,0.2222,0.2223,1,FALSE,FALSE
60,45,0.5,1.5,1,0.3076,0.2704,4.19E-80,FALSE,TRUE
60,75,0.5,1.5,1,0.1753,0.1967,1.12E-45,FALSE,TRUE
60,30,0.5,1.5,1,0.4463,0.3423,1.62E-224,FALSE,TRUE
60,90,0.5,1.5,1,0.15,0.187,1.14E-79,FALSE,TRUE
60,15,0.5,1.5,1,0.7007,0.5061,0,FALSE,TRUE
60,105,0.5,1.5,1,0.1241,0.1735,1.17E-106,FALSE,TRUE
60,60,0.8,1.5,1,0.0085,0.0085,1,FALSE,FALSE
60,45,0.8,1.5,1,0.0208,0.0154,1.23E-10,FALSE,TRUE
60,75,0.8,1.5,1,0.0049,0.0062,0.195795535,FALSE,FALSE
60,30,0.8,1.5,1,0.0624,0.0338,2.26E-61,FALSE,TRUE
60,90,0.8,1.5,1,0.0029,0.0038,1,FALSE,FALSE
60,15,0.8,1.5,1,0.2661,0.1387,1.52E-271,FALSE,TRUE
60,105,0.8,1.5,1,0.0013,0.0041,7.51E-05,FALSE,TRUE
60,60,0,0.25,1,0.0532,0.0521,0.575418262,TRUE,FALSE
60,45,0,0.25,1,0.0841,0.0482,2.83E-77,TRUE,TRUE
60,75,0,0.25,1,0.0305,0.0495,1.94E-40,TRUE,TRUE
60,30,0,0.25,1,0.1563,0.052,4.93E-226,TRUE,TRUE
60,90,0,0.25,1,0.0196,0.0481,3.73E-61,TRUE,TRUE
60,15,0,0.25,1,0.2935,0.0514,0,TRUE,TRUE
60,105,0,0.25,1,0.0132,0.0503,6.91E-80,TRUE,TRUE
60,60,0.2,0.25,1,0.8039,0.8076,7.28E-07,FALSE,TRUE
60,45,0.2,0.25,1,0.7779,0.845,3.69E-145,FALSE,TRUE
60,75,0.2,0.25,1,0.8308,0.7769,1.90E-116,FALSE,TRUE
60,30,0.2,0.25,1,0.7274,0.8753,8.85365637347514e-321,FALSE,TRUE
60,90,0.2,0.25,1,0.8487,0.7389,5.47E-238,FALSE,TRUE
60,15,0.2,0.25,1,0.6543,0.9181,0,FALSE,TRUE
60,105,0.2,0.25,1,0.8632,0.7073,0,FALSE,TRUE
60,60,0.5,0.25,1,0.2252,0.2287,2.03E-06,FALSE,TRUE
60,45,0.5,0.25,1,0.2515,0.3399,1.80E-191,FALSE,TRUE
60,75,0.5,0.25,1,0.2013,0.151,1.29E-108,FALSE,TRUE
60,30,0.5,0.25,1,0.3114,0.5208,0,FALSE,TRUE
60,90,0.5,0.25,1,0.1791,0.0957,1.33E-180,FALSE,TRUE
60,15,0.5,0.25,1,0.3753,0.7402,0,FALSE,TRUE
60,105,0.5,0.25,1,0.1548,0.0604,1.63E-204,FALSE,TRUE
60,60,0.8,0.25,1,0.0081,0.0083,1,FALSE,FALSE
60,45,0.8,0.25,1,0.0207,0.0376,7.47E-36,FALSE,TRUE
60,75,0.8,0.25,1,0.0031,0.0016,0.067333864,FALSE,FALSE
60,30,0.8,0.25,1,0.0451,0.1396,9.87E-205,FALSE,TRUE
60,90,0.8,0.25,1,0.0016,3.00E-04,0.195795535,FALSE,FALSE
60,15,0.8,0.25,1,0.1248,0.4494,0,FALSE,TRUE
60,105,0.8,0.25,1,9.00E-04,0,1,FALSE,FALSE
60,60,0,1.75,1,0.0504,0.0503,1,TRUE,FALSE
60,45,0,1.75,1,0.0328,0.0484,5.17E-33,TRUE,TRUE
60,75,0,1.75,1,0.065,0.0504,7.93E-31,TRUE,TRUE
60,30,0,1.75,1,0.0181,0.0487,9.91E-66,TRUE,TRUE
60,90,0,1.75,1,0.0752,0.049,3.84E-56,TRUE,TRUE
60,15,0,1.75,1,0.009,0.052,9.91E-93,TRUE,TRUE
60,105,0,1.75,1,0.0832,0.0465,5.13E-79,TRUE,TRUE
60,60,0.2,1.75,1,0.8059,0.8067,1,FALSE,FALSE
60,45,0.2,1.75,1,0.8591,0.8242,4.27E-75,FALSE,TRUE
60,75,0.2,1.75,1,0.7592,0.7934,1.43E-73,FALSE,TRUE
60,30,0.2,1.75,1,0.9096,0.8339,7.35E-164,FALSE,TRUE
60,90,0.2,1.75,1,0.7321,0.7926,8.34E-131,FALSE,TRUE
60,15,0.2,1.75,1,0.9706,0.8749,6.59E-207,FALSE,TRUE
60,105,0.2,1.75,1,0.7056,0.7902,3.28E-183,FALSE,TRUE
60,60,0.5,1.75,1,0.2275,0.2281,1,FALSE,FALSE
60,45,0.5,1.75,1,0.3153,0.2641,1.42E-110,FALSE,TRUE
60,75,0.5,1.75,1,0.1735,0.2028,6.73E-63,FALSE,TRUE
60,30,0.5,1.75,1,0.4555,0.3126,6.38862478345035e-310,FALSE,TRUE
60,90,0.5,1.75,1,0.1429,0.1932,1.29E-108,FALSE,TRUE
60,15,0.5,1.75,1,0.734,0.4745,0,FALSE,TRUE
60,105,0.5,1.75,1,0.1204,0.1844,2.04E-138,FALSE,TRUE
60,60,0.8,1.75,1,0.009,0.009,1,FALSE,FALSE
60,45,0.8,1.75,1,0.02,0.0119,1.38E-16,FALSE,TRUE
60,75,0.8,1.75,1,0.0059,0.0073,0.114689013,FALSE,FALSE
60,30,0.8,1.75,1,0.0619,0.0278,2.36E-73,FALSE,TRUE
60,90,0.8,1.75,1,0.0026,0.0054,7.51E-05,FALSE,TRUE
60,15,0.8,1.75,1,0.281,0.1007,0,FALSE,TRUE
60,105,0.8,1.75,1,0.0017,0.005,5.69E-06,FALSE,TRUE
60,60,0,3,1,0.0524,0.0513,0.575418262,TRUE,FALSE
60,45,0,3,1,0.0301,0.0544,5.32E-52,TRUE,TRUE
60,75,0,3,1,0.0757,0.0505,5.81E-54,TRUE,TRUE
60,30,0,3,1,0.0123,0.0525,1.23E-86,TRUE,TRUE
60,90,0,3,1,0.1011,0.0519,3.19E-106,TRUE,TRUE
60,15,0,3,1,0.0013,0.0501,2.37E-105,TRUE,TRUE
60,105,0,3,1,0.1224,0.0477,1.10E-161,TRUE,TRUE
60,60,0.2,3,1,0.8151,0.8181,2.67E-05,FALSE,TRUE
60,45,0.2,3,1,0.8701,0.812,1.39E-125,FALSE,TRUE
60,75,0.2,3,1,0.754,0.8084,1.55E-117,FALSE,TRUE
60,30,0.2,3,1,0.9366,0.8235,3.68E-245,FALSE,TRUE
60,90,0.2,3,1,0.7062,0.8045,5.42E-213,FALSE,TRUE
60,15,0.2,3,1,0.9903,0.8396,0,FALSE,TRUE
60,105,0.2,3,1,0.677,0.8098,5.66E-288,FALSE,TRUE
60,60,0.5,3,1,0.2243,0.2272,4.48E-05,FALSE,TRUE
60,45,0.5,3,1,0.3206,0.2393,4.90E-176,FALSE,TRUE
60,75,0.5,3,1,0.1684,0.2174,8.69E-106,FALSE,TRUE
60,30,0.5,3,1,0.5013,0.2719,0,FALSE,TRUE
60,90,0.5,3,1,0.1338,0.2121,1.63E-169,FALSE,TRUE
60,15,0.5,3,1,0.826,0.3383,0,FALSE,TRUE
60,105,0.5,3,1,0.1109,0.2024,3.28E-198,FALSE,TRUE
60,60,0.8,3,1,0.0081,0.0084,1,FALSE,FALSE
60,45,0.8,3,1,0.0213,0.0124,2.42E-18,FALSE,TRUE
60,75,0.8,3,1,0.0049,0.0088,2.61E-07,FALSE,TRUE
60,30,0.8,3,1,0.0649,0.0158,5.26E-106,FALSE,TRUE
60,90,0.8,3,1,0.003,0.0088,1.61E-11,FALSE,TRUE
60,15,0.8,3,1,0.3297,0.0314,0,FALSE,TRUE
60,105,0.8,3,1,0.002,0.0063,3.37E-08,FALSE,TRUE
1000,1000,0,1,1,0.0488,0.0488,1,TRUE,FALSE
1000,750,0,1,1,0.048,0.0477,1,TRUE,FALSE
1000,1250,0,1,1,0.0479,0.0478,1,TRUE,FALSE
1000,500,0,1,1,0.0462,0.0461,1,TRUE,FALSE
1000,1500,0,1,1,0.0474,0.0475,1,TRUE,FALSE
1000,250,0,1,1,0.0517,0.052,1,TRUE,FALSE
1000,1750,0,1,1,0.0479,0.0477,1,TRUE,FALSE
1000,1000,0.2,1,1,0.0057,0.0057,1,FALSE,FALSE
1000,750,0.2,1,1,0.0134,0.0133,1,FALSE,FALSE
1000,1250,0.2,1,1,0.0025,0.0025,1,FALSE,FALSE
1000,500,0.2,1,1,0.0474,0.0473,1,FALSE,FALSE
1000,1500,0.2,1,1,0.0025,0.0024,1,FALSE,FALSE
1000,250,0.2,1,1,0.1934,0.1938,1,FALSE,FALSE
1000,1750,0.2,1,1,0.001,0.0011,1,FALSE,FALSE
1000,1000,0.5,1,1,0,0,1,FALSE,FALSE
1000,750,0.5,1,1,0,0,1,FALSE,FALSE
1000,1250,0.5,1,1,0,0,1,FALSE,FALSE
1000,500,0.5,1,1,0,0,1,FALSE,FALSE
1000,1500,0.5,1,1,0,0,1,FALSE,FALSE
1000,250,0.5,1,1,0,0,1,FALSE,FALSE
1000,1750,0.5,1,1,0,0,1,FALSE,FALSE
1000,1000,0.8,1,1,0,0,1,FALSE,FALSE
1000,750,0.8,1,1,0,0,1,FALSE,FALSE
1000,1250,0.8,1,1,0,0,1,FALSE,FALSE
1000,500,0.8,1,1,0,0,1,FALSE,FALSE
1000,1500,0.8,1,1,0,0,1,FALSE,FALSE
1000,250,0.8,1,1,0,0,1,FALSE,FALSE
1000,1750,0.8,1,1,0,0,1,FALSE,FALSE
1000,1000,0,0.75,1,0.0529,0.0529,1,TRUE,FALSE
1000,750,0,0.75,1,0.0636,0.0524,2.19E-23,TRUE,TRUE
1000,1250,0,0.75,1,0.0457,0.0526,6.04E-14,TRUE,TRUE
1000,500,0,0.75,1,0.0728,0.0475,3.51E-54,TRUE,TRUE
1000,1500,0,0.75,1,0.0373,0.0495,1.41E-25,TRUE,TRUE
1000,250,0,0.75,1,0.0989,0.0504,1.06E-104,TRUE,TRUE
1000,1750,0,0.75,1,0.0344,0.0502,1.89E-33,TRUE,TRUE
1000,1000,0.2,0.75,1,0.0057,0.0057,1,FALSE,FALSE
1000,750,0.2,0.75,1,0.0158,0.0189,1.59E-05,FALSE,TRUE
1000,1250,0.2,0.75,1,0.0023,0.0021,1,FALSE,FALSE
1000,500,0.2,0.75,1,0.0448,0.0646,3.48E-42,FALSE,TRUE
1000,1500,0.2,0.75,1,0.002,0.0013,1,FALSE,FALSE
1000,250,0.2,0.75,1,0.1703,0.261,1.80E-196,FALSE,TRUE
1000,1750,0.2,0.75,1,9.00E-04,6.00E-04,1,FALSE,FALSE
1000,1000,0.5,0.75,1,0,0,1,FALSE,FALSE
1000,750,0.5,0.75,1,0,0,1,FALSE,FALSE
1000,1250,0.5,0.75,1,0,0,1,FALSE,FALSE
1000,500,0.5,0.75,1,0,0,1,FALSE,FALSE
1000,1500,0.5,0.75,1,0,0,1,FALSE,FALSE
1000,250,0.5,0.75,1,0,0,1,FALSE,FALSE
1000,1750,0.5,0.75,1,0,0,1,FALSE,FALSE
1000,1000,0.8,0.75,1,0,0,1,FALSE,FALSE
1000,750,0.8,0.75,1,0,0,1,FALSE,FALSE
1000,1250,0.8,0.75,1,0,0,1,FALSE,FALSE
1000,500,0.8,0.75,1,0,0,1,FALSE,FALSE
1000,1500,0.8,0.75,1,0,0,1,FALSE,FALSE
1000,250,0.8,0.75,1,0,0,1,FALSE,FALSE
1000,1750,0.8,0.75,1,0,0,1,FALSE,FALSE
1000,1000,0,1.25,1,0.0502,0.0502,1,TRUE,FALSE
1000,750,0,1.25,1,0.0431,0.0489,1.61E-11,TRUE,TRUE
1000,1250,0,1.25,1,0.0563,0.0513,9.45E-10,TRUE,TRUE
1000,500,0,1.25,1,0.035,0.0481,1.51E-27,TRUE,TRUE
1000,1500,0,1.25,1,0.0615,0.0498,1.76E-24,TRUE,TRUE
1000,250,0,1.25,1,0.0262,0.0508,1.18E-52,TRUE,TRUE
1000,1750,0,1.25,1,0.0665,0.0528,7.37E-29,TRUE,TRUE
1000,1000,0.2,1.25,1,0.0054,0.0054,1,FALSE,FALSE
1000,750,0.2,1.25,1,0.0152,0.0129,0.001005712,FALSE,TRUE
1000,1250,0.2,1.25,1,0.0033,0.004,1,FALSE,FALSE
1000,500,0.2,1.25,1,0.0477,0.034,7.37E-29,FALSE,TRUE
1000,1500,0.2,1.25,1,0.0015,0.0018,1,FALSE,FALSE
1000,250,0.2,1.25,1,0.2134,0.1417,3.66E-155,FALSE,TRUE
1000,1750,0.2,1.25,1,6.00E-04,0.001,1,FALSE,FALSE
1000,1000,0.5,1.25,1,0,0,1,FALSE,FALSE
1000,750,0.5,1.25,1,0,0,1,FALSE,FALSE
1000,1250,0.5,1.25,1,0,0,1,FALSE,FALSE
1000,500,0.5,1.25,1,0,0,1,FALSE,FALSE
1000,1500,0.5,1.25,1,0,0,1,FALSE,FALSE
1000,250,0.5,1.25,1,0,0,1,FALSE,FALSE
1000,1750,0.5,1.25,1,0,0,1,FALSE,FALSE
1000,1000,0.8,1.25,1,0,0,1,FALSE,FALSE
1000,750,0.8,1.25,1,0,0,1,FALSE,FALSE
1000,1250,0.8,1.25,1,0,0,1,FALSE,FALSE
1000,500,0.8,1.25,1,0,0,1,FALSE,FALSE
1000,1500,0.8,1.25,1,0,0,1,FALSE,FALSE
1000,250,0.8,1.25,1,0,0,1,FALSE,FALSE
1000,1750,0.8,1.25,1,0,0,1,FALSE,FALSE
1000,1000,0,0.5,1,0.0509,0.0509,1,TRUE,FALSE
1000,750,0,0.5,1,0.0651,0.0463,5.30E-40,TRUE,TRUE
1000,1250,0,0.5,1,0.0379,0.053,6.40E-32,TRUE,TRUE
1000,500,0,0.5,1,0.1087,0.0499,4.16E-127,TRUE,TRUE
1000,1500,0,0.5,1,0.0313,0.0536,1.22E-47,TRUE,TRUE
1000,250,0,0.5,1,0.1743,0.0502,4.57E-269,TRUE,TRUE
1000,1750,0,0.5,1,0.0203,0.0483,4.58E-60,TRUE,TRUE
1000,1000,0.2,0.5,1,0.0059,0.0059,1,FALSE,FALSE
1000,750,0.2,0.5,1,0.0155,0.0234,3.80E-16,FALSE,TRUE
1000,1250,0.2,0.5,1,0.0022,0.0017,1,FALSE,FALSE
1000,500,0.2,0.5,1,0.0403,0.0855,1.61E-97,FALSE,TRUE
1000,1500,0.2,0.5,1,0.0016,6.00E-04,0.991541792,FALSE,FALSE
1000,250,0.2,0.5,1,0.1416,0.3205,0,FALSE,TRUE
1000,1750,0.2,0.5,1,4.00E-04,3.00E-04,1,FALSE,FALSE
1000,1000,0.5,0.5,1,0,0,1,FALSE,FALSE
1000,750,0.5,0.5,1,0,0,1,FALSE,FALSE
1000,1250,0.5,0.5,1,0,0,1,FALSE,FALSE
1000,500,0.5,0.5,1,0,0,1,FALSE,FALSE
1000,1500,0.5,0.5,1,0,0,1,FALSE,FALSE
1000,250,0.5,0.5,1,0,0,1,FALSE,FALSE
1000,1750,0.5,0.5,1,0,0,1,FALSE,FALSE
1000,1000,0.8,0.5,1,0,0,1,FALSE,FALSE
1000,750,0.8,0.5,1,0,0,1,FALSE,FALSE
1000,1250,0.8,0.5,1,0,0,1,FALSE,FALSE
1000,500,0.8,0.5,1,0,0,1,FALSE,FALSE
1000,1500,0.8,0.5,1,0,0,1,FALSE,FALSE
1000,250,0.8,0.5,1,0,0,1,FALSE,FALSE
1000,1750,0.8,0.5,1,0,0,1,FALSE,FALSE
1000,1000,0,1.5,1,0.0509,0.0509,1,TRUE,FALSE
1000,750,0,1.5,1,0.0353,0.0484,1.51E-27,TRUE,TRUE
1000,1250,0,1.5,1,0.062,0.0504,2.91E-24,TRUE,TRUE
1000,500,0,1.5,1,0.0261,0.0503,8.79E-52,TRUE,TRUE
1000,1500,0,1.5,1,0.0715,0.0514,7.71E-43,TRUE,TRUE
1000,250,0,1.5,1,0.0118,0.054,5.46E-91,TRUE,TRUE
1000,1750,0,1.5,1,0.0758,0.0518,2.40E-51,TRUE,TRUE
1000,1000,0.2,1.5,1,0.0076,0.0076,1,FALSE,FALSE
1000,750,0.2,1.5,1,0.0147,0.0114,5.69E-06,FALSE,TRUE
1000,1250,0.2,1.5,1,0.0041,0.0052,0.575418262,FALSE,FALSE
1000,500,0.2,1.5,1,0.048,0.0263,2.49E-46,FALSE,TRUE
1000,1500,0.2,1.5,1,0.002,0.0034,0.114689013,FALSE,FALSE
1000,250,0.2,1.5,1,0.2344,0.1027,1.39E-285,FALSE,TRUE
1000,1750,0.2,1.5,1,0.0013,0.0023,0.991541792,FALSE,FALSE
1000,1000,0.5,1.5,1,0,0,1,FALSE,FALSE
1000,750,0.5,1.5,1,0,0,1,FALSE,FALSE
1000,1250,0.5,1.5,1,0,0,1,FALSE,FALSE
1000,500,0.5,1.5,1,0,0,1,FALSE,FALSE
1000,1500,0.5,1.5,1,0,0,1,FALSE,FALSE
1000,250,0.5,1.5,1,0,0,1,FALSE,FALSE
1000,1750,0.5,1.5,1,0,0,1,FALSE,FALSE
1000,1000,0.8,1.5,1,0,0,1,FALSE,FALSE
1000,750,0.8,1.5,1,0,0,1,FALSE,FALSE
1000,1250,0.8,1.5,1,0,0,1,FALSE,FALSE
1000,500,0.8,1.5,1,0,0,1,FALSE,FALSE
1000,1500,0.8,1.5,1,0,0,1,FALSE,FALSE
1000,250,0.8,1.5,1,0,0,1,FALSE,FALSE
1000,1750,0.8,1.5,1,0,0,1,FALSE,FALSE
1000,1000,0,0.25,1,0.0496,0.0496,1,TRUE,FALSE
1000,750,0,0.25,1,0.088,0.0523,7.73E-77,TRUE,TRUE
1000,1250,0,0.25,1,0.0308,0.0498,1.94E-40,TRUE,TRUE
1000,500,0,0.25,1,0.1402,0.0467,1.47E-202,TRUE,TRUE
1000,1500,0,0.25,1,0.0195,0.0508,2.96E-67,TRUE,TRUE
1000,250,0,0.25,1,0.2818,0.0528,0,TRUE,TRUE
1000,1750,0,0.25,1,0.0117,0.0509,1.85E-84,TRUE,TRUE
1000,1000,0.2,0.25,1,0.0058,0.0058,1,FALSE,FALSE
1000,750,0.2,0.25,1,0.015,0.0266,2.91E-24,FALSE,TRUE
1000,1250,0.2,0.25,1,0.0032,0.001,0.001693957,FALSE,TRUE
1000,500,0.2,0.25,1,0.0396,0.1054,2.48E-142,FALSE,TRUE
1000,1500,0.2,0.25,1,8.00E-04,2.00E-04,1,FALSE,FALSE
1000,250,0.2,0.25,1,0.1161,0.3739,0,FALSE,TRUE
1000,1750,0.2,0.25,1,7.00E-04,3.00E-04,1,FALSE,FALSE
1000,1000,0.5,0.25,1,0,0,1,FALSE,FALSE
1000,750,0.5,0.25,1,0,0,1,FALSE,FALSE
1000,1250,0.5,0.25,1,0,0,1,FALSE,FALSE
1000,500,0.5,0.25,1,0,0,1,FALSE,FALSE
1000,1500,0.5,0.25,1,0,0,1,FALSE,FALSE
1000,250,0.5,0.25,1,0,1.00E-04,1,FALSE,FALSE
1000,1750,0.5,0.25,1,0,0,1,FALSE,FALSE
1000,1000,0.8,0.25,1,0,0,1,FALSE,FALSE
1000,750,0.8,0.25,1,0,0,1,FALSE,FALSE
1000,1250,0.8,0.25,1,0,0,1,FALSE,FALSE
1000,500,0.8,0.25,1,0,0,1,FALSE,FALSE
1000,1500,0.8,0.25,1,0,0,1,FALSE,FALSE
1000,250,0.8,0.25,1,0,0,1,FALSE,FALSE
1000,1750,0.8,0.25,1,0,0,1,FALSE,FALSE
1000,1000,0,1.75,1,0.0512,0.0512,1,TRUE,FALSE
1000,750,0,1.75,1,0.0345,0.0481,1.22E-28,TRUE,TRUE
1000,1250,0,1.75,1,0.0608,0.0479,4.15E-27,TRUE,TRUE
1000,500,0,1.75,1,0.0201,0.0517,6.57E-68,TRUE,TRUE
1000,1500,0,1.75,1,0.072,0.0444,3.41E-59,TRUE,TRUE
1000,250,0,1.75,1,0.0064,0.0504,6.60E-95,TRUE,TRUE
1000,1750,0,1.75,1,0.0904,0.0497,1.01E-87,TRUE,TRUE
1000,1000,0.2,1.75,1,0.0063,0.0063,1,FALSE,FALSE
1000,750,0.2,1.75,1,0.0147,0.0102,1.21E-08,FALSE,TRUE
1000,1250,0.2,1.75,1,0.0035,0.0051,0.039610944,FALSE,TRUE
1000,500,0.2,1.75,1,0.0434,0.0178,7.80E-55,FALSE,TRUE
1000,1500,0.2,1.75,1,0.0025,0.0039,0.114689013,FALSE,FALSE
1000,250,0.2,1.75,1,0.2488,0.076,0,FALSE,TRUE
1000,1750,0.2,1.75,1,0.0011,0.0036,0.000355411,FALSE,TRUE
1000,1000,0.5,1.75,1,0,0,1,FALSE,FALSE
1000,750,0.5,1.75,1,0,0,1,FALSE,FALSE
1000,1250,0.5,1.75,1,0,0,1,FALSE,FALSE
1000,500,0.5,1.75,1,0,0,1,FALSE,FALSE
1000,1500,0.5,1.75,1,0,0,1,FALSE,FALSE
1000,250,0.5,1.75,1,0,0,1,FALSE,FALSE
1000,1750,0.5,1.75,1,0,0,1,FALSE,FALSE
1000,1000,0.8,1.75,1,0,0,1,FALSE,FALSE
1000,750,0.8,1.75,1,0,0,1,FALSE,FALSE
1000,1250,0.8,1.75,1,0,0,1,FALSE,FALSE
1000,500,0.8,1.75,1,0,0,1,FALSE,FALSE
1000,1500,0.8,1.75,1,0,0,1,FALSE,FALSE
1000,250,0.8,1.75,1,0,0,1,FALSE,FALSE
1000,1750,0.8,1.75,1,0,0,1,FALSE,FALSE
1000,1000,0,3,1,0.0542,0.0541,1,TRUE,FALSE
1000,750,0,3,1,0.0262,0.0507,1.95E-52,TRUE,TRUE
1000,1250,0,3,1,0.0712,0.0489,1.22E-47,TRUE,TRUE
1000,500,0,3,1,0.0102,0.0511,3.69E-88,TRUE,TRUE
1000,1500,0,3,1,0.0945,0.0512,2.20E-93,TRUE,TRUE
1000,250,0,3,1,3.00E-04,0.0512,6.38E-110,TRUE,TRUE
1000,1750,0,3,1,0.1125,0.0472,3.03E-141,TRUE,TRUE
1000,1000,0.2,3,1,0.0077,0.0077,1,FALSE,FALSE
1000,750,0.2,3,1,0.0136,0.0066,3.64E-14,FALSE,TRUE
1000,1250,0.2,3,1,0.0039,0.006,0.002855927,FALSE,TRUE
1000,500,0.2,3,1,0.0466,0.0121,3.17E-74,FALSE,TRUE
1000,1500,0.2,3,1,0.0022,0.0058,1.22E-06,FALSE,TRUE
1000,250,0.2,3,1,0.2712,0.0228,0,FALSE,TRUE
1000,1750,0.2,3,1,8.00E-04,0.0038,2.67E-05,FALSE,TRUE
1000,1000,0.5,3,1,0,0,1,FALSE,FALSE
1000,750,0.5,3,1,0,0,1,FALSE,FALSE
1000,1250,0.5,3,1,0,0,1,FALSE,FALSE
1000,500,0.5,3,1,0,0,1,FALSE,FALSE
1000,1500,0.5,3,1,0,0,1,FALSE,FALSE
1000,250,0.5,3,1,0,0,1,FALSE,FALSE
1000,1750,0.5,3,1,0,0,1,FALSE,FALSE
1000,1000,0.8,3,1,0,0,1,FALSE,FALSE
1000,750,0.8,3,1,0,0,1,FALSE,FALSE
1000,1250,0.8,3,1,0,0,1,FALSE,FALSE
1000,500,0.8,3,1,0,0,1,FALSE,FALSE
1000,1500,0.8,3,1,0,0,1,FALSE,FALSE
1000,250,0.8,3,1,0,0,1,FALSE,FALSE
1000,1750,0.8,3,1,0,0,1,FALSE,FALSE
